node,phi_m_rad,shadow_e_rad,active_e_rad,reference_e_rad,valid,update_hits,effective_weight,innovation_variance
0,0,0.070224216879866,0.0681043428668888,0.0757259422821771,1,1520,807.265583667894,3.463372811423e-08
1,0.0490873852123405,0.0893244176521612,0.0867955677031812,0.0942456209730029,1,1545,819.84347284867,3.77555484856995e-08
2,0.098174770424681,0.10592547163572,0.102546611349588,0.110843489695757,1,1572,833.905473192235,4.11866919260969e-08
3,0.147262155637022,0.121948352674263,0.118471636315707,0.127254093615049,1,1703,849.832102434271,4.35248702707428e-08
4,0.196349540849362,0.137900131185395,0.133861642728696,0.142805448423283,1,1637,867.493208337286,4.97188015476186e-08
5,0.245436926061703,0.152158799711355,0.147542471185173,0.156919151975773,1,1789,890.129258371404,5.06187429272017e-08
6,0.294524311274043,0.165335027898871,0.159930987139437,0.169553871991624,1,1716,911.258574382369,5.7707705463377e-08
7,0.343611696486384,0.176094263911313,0.171161609635851,0.181183119162608,1,1755,933.002814719914,6.24376074644252e-08
8,0.392699081698724,0.186526507759264,0.181808757169066,0.191988164380883,1,1800,957.105241180245,6.57558305609106e-08
9,0.441786466911065,0.195444899516508,0.190316830702623,0.201010265588369,1,1960,977.833518613514,6.55134275179195e-08
10,0.490873852123405,0.204533197152441,0.199090367013756,0.209521956947984,1,2010,1000.30375968829,6.66333490691398e-08
11,0.539961237335746,0.21308150543102,0.207113123971519,0.217160039250947,1,1928,1023.63720630325,7.40733831352361e-08
12,0.589048622548086,0.217390129893424,0.211158748603797,0.222017567555157,1,2092,1042.47792342543,7.10066251708954e-08
13,0.638136007760427,0.220983372076714,0.215383804877043,0.2263098577922,1,1988,1054.49100653849,7.69280400352254e-08
14,0.687223392972767,0.225570154402417,0.219804987831289,0.230272604075044,1,2144,1068.99930747516,7.38540555628313e-08
15,0.736310778185108,0.227615072401813,0.220985583436396,0.232171146177369,1,2038,1080.27078798095,7.86738544443957e-08
16,0.785398163397448,0.227172230523399,0.221000689610388,0.232650856208697,1,2042,1083.96680773528,7.91414092926313e-08
17,0.834485548609789,0.22761037816842,0.220514493005945,0.232223276698065,1,2042,1084.07792567058,7.82714008561409e-08
18,0.883572933822129,0.2257575860543,0.21943357691429,0.231003850728098,1,2169,1082.46081911007,7.35762151429822e-08
19,0.93266031903447,0.224809381131005,0.217354602153148,0.228905183324914,1,2030,1076.62186906364,7.5511157192348e-08
20,0.98174770424681,0.220719284993171,0.214053177136159,0.225503035208003,1,2016,1069.17615531268,7.52979590507271e-08
21,1.03083508945915,0.215948929846959,0.209782641768133,0.221019335125724,1,2110,1057.01414713012,7.04517162596837e-08
22,1.07992247467149,0.211348661045974,0.203970162596386,0.216090554015044,1,1963,1043.11861612912,7.24620507261532e-08
23,1.12900985988383,0.208270329516357,0.200936350670559,0.211675979875632,1,1948,1031.09639444222,7.02535734894532e-08
24,1.17809724509617,0.198536067461889,0.192663042854446,0.204405926145347,1,1917,1016.69178262253,6.90410589589368e-08
25,1.22718463030851,0.193148570864778,0.186349399824994,0.197714381334626,1,1883,999.195338141893,6.56804182808751e-08
26,1.27627201552085,0.185670052292459,0.179411519684407,0.190297463680353,1,1852,983.805913695258,6.36692963574352e-08
27,1.32535940073319,0.177097497147002,0.170473890694115,0.181987663931119,1,1941,968.164905300792,5.75501104254536e-08
28,1.37444678594553,0.169321721461933,0.162974999415051,0.17411467339649,1,1792,949.284517715754,5.79212952465827e-08
29,1.42353417115788,0.161843422051731,0.156435346919688,0.167031196079542,1,1878,937.997853765508,5.39259994801799e-08
30,1.47262155637022,0.153256224132531,0.147929167414678,0.158836473572543,1,1744,924.704647875885,5.55116469404981e-08
31,1.52170894158256,0.145317264162269,0.140485753790251,0.151119754746258,1,1715,911.785232646476,5.25954770745589e-08
32,1.5707963267949,0.137882225255842,0.132782005553968,0.143291105851474,1,1699,901.103287099127,5.01768835441554e-08
33,1.61988371200724,0.129214204841171,0.125320532946627,0.135271394851196,1,1677,890.66496589322,4.85641256026102e-08
34,1.66897109721958,0.121925840426394,0.117610936303032,0.127863256479804,1,1660,879.601425403377,4.5919125891568e-08
35,1.71805848243192,0.117247943407992,0.113202081127931,0.122484886920523,1,1644,872.774884524289,4.45366998911916e-08
36,1.76714586764426,0.108615052281593,0.104696126966402,0.114819194978566,1,1635,866.683244659769,4.32079141947071e-08
37,1.8162332528566,0.103814369749961,0.0994235644315331,0.108702284170397,1,1616,858.103025768613,4.1353404684178e-08
38,1.86532063806894,0.0979597376649175,0.0943773719912012,0.103261099361909,1,1711,852.760191699265,3.75780601965165e-08
39,1.91440802328128,0.0929074386332362,0.0895593015649838,0.0983517973733102,1,1601,848.41106703616,3.94405737685367e-08
40,1.96349540849362,0.0891456812060698,0.0851612082614616,0.0937503101620647,1,1589,844.058969018288,3.80387809131084e-08
41,2.01258279370596,0.0853637419833184,0.0804385759560872,0.0895753843012072,1,1684,841.202323508319,3.51674019881588e-08
42,2.0616701789183,0.0815595958494614,0.0779953572244775,0.0863772272022559,1,1680,836.224204008372,3.42150366643428e-08
43,2.11075756413064,0.0785094600987507,0.0756975085007212,0.08393285427605,1,1672,836.107635091792,3.45908335441858e-08
44,2.15984494934298,0.0763963988396727,0.0731050002066235,0.0815143344946196,1,1570,833.244195432797,3.65860681351734e-08
45,2.20893233455532,0.0744507030263737,0.0716329906192862,0.0798911287235456,1,1566,831.753348370931,3.59044504268922e-08
46,2.25801971976766,0.073460434886138,0.070334392003966,0.078674289608149,1,1564,830.386014325498,3.50366333511503e-08
47,2.30710710498,0.0726904607584823,0.0699511565100531,0.0780672902399954,1,1561,829.889704492135,3.53793460570586e-08
48,2.35619449019234,0.0727362180591905,0.0695822751637491,0.0777895296787296,1,1561,830.140820237453,3.48603918485901e-08
49,2.40528187540469,0.0721997853330034,0.0693367881921971,0.0777602492034638,1,1559,829.019518417177,3.44257154806777e-08
50,2.45436926061703,0.0723850534717847,0.070282575292411,0.0782224722363939,1,1567,829.269944703269,3.53238055857763e-08
51,2.50345664582937,0.0738549869453515,0.0710087492023956,0.0789693906608966,1,1564,829.144806095719,3.51256654910167e-08
52,2.55254403104171,0.0747248897216843,0.0716046062935679,0.080021321159265,1,1566,830.017737735585,3.50455979339316e-08
53,2.60163141625405,0.0760989358285026,0.0734862951742585,0.0813357986891888,1,1665,830.764949659235,3.35504631921656e-08
54,2.65071880146639,0.0771307959134454,0.0741242904159966,0.0823029726467285,1,1564,831.634992527577,3.56101907045009e-08
55,2.69980618667873,0.0781394391726919,0.0748981378592007,0.0832551863509286,1,1568,832.505967461684,3.61875565605322e-08
56,2.74889357189107,0.0793624260851758,0.0758361777425023,0.0842788146166096,1,1565,833.626230020848,3.69106969473948e-08
57,2.79798095710341,0.0796241871524872,0.0767496041730844,0.0847138830175565,1,1570,834.371807162757,3.69988610511405e-08
58,2.84706834231575,0.0800580607565521,0.0769107805024154,0.0851017165682337,1,1571,834.369938020957,3.65473273057047e-08
59,2.89615572752809,0.0806900503333539,0.0775197337730461,0.0856161703990745,1,1673,835.865332105738,3.40959748851194e-08
60,2.94524311274043,0.079443725645031,0.0761154767630763,0.0846302468109284,1,1577,836.485528747759,3.61996039363484e-08
61,2.99433049795277,0.0791346854606436,0.0759591152721658,0.0840561016909299,1,1577,834.98968070718,3.52741596829094e-08
62,3.04341788316511,0.077171325566481,0.0742186964168097,0.082560209819254,1,1575,836.111493682755,3.63936479329576e-08
63,3.09250526837745,0.0760628470767972,0.0729193154975366,0.0809642696396006,1,1575,835.239538229324,3.58768365866699e-08
64,3.14159265358979,0.0727030584548778,0.0699697131786337,0.0781433404358482,1,1673,834.865832367362,3.33515539305211e-08
65,3.19068003880213,0.0699969311984268,0.066664912170524,0.0748129140444786,1,1502,798.803508852569,3.52450901830353e-08
66,3.23976742401447,0.065425514736687,0.0627786093172917,0.0705421744221571,1,1505,749.263432294948,3.30658994820383e-08
67,3.28885480922681,0.0599635826883596,0.0576862291637462,0.0651226853888776,1,1409,748.019258719883,3.36231860282953e-08
68,3.33794219443916,0.0528030506380433,0.0510842183218836,0.0586665574527426,1,1404,745.903109382368,3.32697660964412e-08
69,3.3870295796515,0.0475817256727281,0.0453766181796236,0.0521656969242649,1,1487,743.16542565694,2.99966960539848e-08
70,3.43611696486384,0.0390283505968875,0.0375423086354501,0.0441355057384601,1,1397,742.296368429533,3.12479765265462e-08
71,3.48520435007618,0.0302400759430688,0.0290050009294241,0.0353982245587239,1,1483,740.804132794258,2.81848510644978e-08
72,3.53429173528852,0.0209065361906614,0.0199858911910666,0.0258204599788216,1,1484,739.062002511308,2.77856214822135e-08
73,3.58337912050086,0.0114065188258898,0.0105371537017789,0.0156735788429841,1,1392,738.816075690576,2.92444714078689e-08
74,3.6324665057132,-0.000455944358045337,-0.000582111706910168,0.00412016808226227,1,1390,738.941660408018,2.90625429569222e-08
75,3.68155389092554,-0.013073470423258,-0.012619965952257,-0.00811455713626403,1,1391,739.564512056998,2.9918285395546e-08
76,3.73064127613788,-0.0257693335888691,-0.0249545098717279,-0.0208279111301725,1,1483,741.682798062957,2.79745848273141e-08
77,3.77972866135022,-0.0387138947188954,-0.0374724909174019,-0.0343289942816619,1,1492,744.670874217891,2.93707487741021e-08
78,3.82881604656256,-0.0536852810826646,-0.0516226274656319,-0.0494024664214682,1,1467,770.11456021457,3.29597497726175e-08
79,3.8779034317749,-0.0696824190692919,-0.0675134396600639,-0.0642321608082304,1,1566,837.109378404893,3.59322485235963e-08
80,3.92699081698724,-0.0833832196740674,-0.0804935154665121,-0.0791218103784954,1,1603,849.937138959721,3.73930790870196e-08
81,3.97607820219958,-0.098921545239363,-0.0963860003370213,-0.0952330793566867,1,1628,863.626186162144,4.08872054871191e-08
82,4.02516558741192,-0.117458241953626,-0.114625272481664,-0.112360582776156,1,1654,877.552661970397,4.35740950672373e-08
83,4.07425297262426,-0.131555235038937,-0.127409194514993,-0.126586892192158,1,1683,894.219273799197,4.81539062990615e-08
84,4.1233403578366,-0.147462815522067,-0.142800725960775,-0.142540295089074,1,1834,915.480267023206,5.09700936210654e-08
85,4.17242774304894,-0.164229172817815,-0.159668660705035,-0.159436181286983,1,1774,941.956713996171,5.95894168805918e-08
86,4.22151512826128,-0.179611440628365,-0.174398769413573,-0.175059668128426,1,1826,968.911810837887,6.34426284389022e-08
87,4.27060251347362,-0.195682669315571,-0.190613262838733,-0.190714030856735,1,2012,1002.9434388442,6.39641943043975e-08
88,4.31968989868597,-0.210071970919171,-0.204976753576741,-0.205766975576672,1,1953,1038.81108122389,7.41014729959803e-08
89,4.36877728389831,-0.225161665116086,-0.219587269324894,-0.220125799372499,1,2036,1080.74305729023,7.70762208757405e-08
90,4.41786466911065,-0.238630294665078,-0.232843189825623,-0.233906167857919,1,2270,1126.4851158192,7.7073681095294e-08
91,4.46695205432299,-0.252943028576595,-0.247216781010808,-0.24839722821838,1,2229,1181.36497084465,8.53718352420001e-08
92,4.51603943953533,-0.2654396526336,-0.259624084672068,-0.2607896298138,1,2490,1237.65771015934,8.34019832899868e-08
93,4.56512682474767,-0.277139558792626,-0.271162155643452,-0.272128188203864,1,2446,1295.86364136243,9.17926580396946e-08
94,4.61421420996001,-0.286604832058558,-0.28054370518717,-0.282326643245471,1,2558,1356.22779318277,9.48289559378883e-08
95,4.66330159517235,-0.296775371796534,-0.289691101569659,-0.29139994760141,1,2672,1417.24862875857,9.4746526314138e-08
96,4.71238898038469,-0.304935418139826,-0.297108579951389,-0.299078886442305,1,2784,1474.60720726413,9.65145290402446e-08
97,4.76147636559703,-0.311048967950385,-0.303527069988308,-0.305610779983381,1,2890,1529.30270385405,9.5660686903044e-08
98,4.81056375080937,-0.317055057037403,-0.308840156056038,-0.311041248216616,1,2979,1577.77441048334,9.72501540454189e-08
99,4.85965113602171,-0.318742472923743,-0.310950470165717,-0.313860749111196,1,3037,1607.25616576642,9.86416556769314e-08
100,4.90873852123405,-0.322310746491979,-0.314265274455909,-0.31685814769055,1,3284,1635.31555903993,9.43626440765452e-08
101,4.95782590644639,-0.322702008590433,-0.314451473955736,-0.317702919521007,1,3108,1645.50934817614,9.78340574609983e-08
102,5.00691329165873,-0.322886367722441,-0.314716455408942,-0.31714796388762,1,3096,1639.30293422763,9.82044860848575e-08
103,5.05600067687107,-0.319238689185897,-0.311378340051215,-0.314203562356652,1,3045,1610.39090923804,9.73540068978231e-08
104,5.10508806208341,-0.317384810260973,-0.309186767602515,-0.310846739272748,1,2971,1575.28517578998,9.49437015328851e-08
105,5.15417544729575,-0.310563869225152,-0.303061894532419,-0.304854520444819,1,3072,1523.88914993992,8.93307521528031e-08
106,5.20326283250809,-0.303158054150458,-0.296174836168148,-0.298292008124343,1,2773,1468.55591436159,9.4226113427074e-08
107,5.25235021772044,-0.295857871631567,-0.28903435819222,-0.290389586029865,1,2658,1408.09945170156,9.2030950087103e-08
108,5.30143760293278,-0.286121872524458,-0.279785230207832,-0.280931149218657,1,2693,1346.34890403386,8.6504783765466e-08
109,5.35052498814512,-0.275364889201851,-0.269423937446804,-0.270132621967623,1,2419,1282.17011198604,8.82734717356364e-08
110,5.39961237335746,-0.262974776144131,-0.256779937112331,-0.257698958133597,1,2302,1219.15983325353,8.53012908713472e-08
111,5.4486997585698,-0.249119180687768,-0.242682464765476,-0.243634015806921,1,2182,1157.43953699768,8.16786559721554e-08
112,5.49778714378214,-0.233538302572125,-0.227846960254123,-0.228927565578972,1,2080,1102.35943179388,7.6775198963425e-08
113,5.54687452899448,-0.219402865334673,-0.213299631090222,-0.213962715063354,1,1983,1053.67409671535,7.30355076776478e-08
114,5.59596191420682,-0.204125116627769,-0.198111486687597,-0.197959247028963,1,1902,1008.66309935165,6.65006684356038e-08
115,5.64504929941916,-0.185509853946986,-0.179621498751966,-0.179611554079545,1,1818,965.230767793301,5.94271557781479e-08
116,5.6941366846315,-0.16595173894475,-0.161593893447222,-0.161107766713862,1,1868,929.485221521438,5.29531193185427e-08
117,5.74322406984384,-0.146289287875325,-0.142269813484606,-0.141833331344758,1,1691,896.944390236986,5.03380572597833e-08
118,5.79231145505618,-0.127426110152688,-0.12326610807872,-0.122259806930147,1,1639,871.60609722375,4.41546412955332e-08
119,5.84139884026852,-0.106784499835721,-0.103717126808516,-0.1025408390893,1,1697,848.114718403437,3.77859147605145e-08
120,5.89048622548086,-0.0879617136269058,-0.0847130481862926,-0.0827140560914084,1,1563,829.968290778846,3.61016455677283e-08
121,5.9395736106932,-0.0662994411669337,-0.0647530750439228,-0.0620510927895963,1,1535,814.801658282609,3.25019523922188e-08
122,5.98866099590554,-0.0450544807748336,-0.0443781531157976,-0.0411286661365653,1,1517,803.364400842694,3.09565972731278e-08
123,6.03774838111788,-0.0258499144837612,-0.0250043357269409,-0.0214736913848301,1,1502,797.776962045384,3.00137706562672e-08
124,6.08683576633022,-0.0066814013453893,-0.00635113655626593,-0.00175029242496006,1,1589,791.307510974463,2.67140632040052e-08
125,6.13592315154256,0.0143809972747906,0.0148422120490223,0.0201065375730209,1,1490,791.944105927509,2.87852127066813e-08
126,6.18501053675491,0.0341603685871667,0.0329068957559573,0.0390427036382273,1,1498,795.061718173907,3.01460374239479e-08
127,6.23409792196725,0.0523301018207943,0.050686839257112,0.0573481674406764,1,1508,800.91733817567,3.20077824254999e-08
