node,phi_m_rad,reference_e_rad,zero_noise_shadow_e_rad,zero_noise_active_e_rad,noisy_shadow_e_rad,noisy_active_e_rad
0,0,0.0758696657944137,0.0706192797389751,0.0698393625609549,0.071086088892948,0.0699602300497659
1,0.098174770424681,0.110945394879258,0.105889515800494,0.10448642523063,0.105441964175357,0.104427846203562
2,0.196349540849362,0.142618125010304,0.13810288077405,0.135896686560332,0.13842008068555,0.135858567374447
3,0.294524311274043,0.169445709159238,0.165554022014242,0.162166218709713,0.165921829326439,0.162204570692438
4,0.392699081698724,0.191659540605051,0.185915440933376,0.183278315748337,0.186189845012115,0.182930653471541
5,0.490873852123405,0.209396359896922,0.205832648214018,0.201740270553311,0.205602880819758,0.201811343291748
6,0.589048622548086,0.2219106088964,0.217553326923669,0.21307234434363,0.218205191552216,0.213312013696708
7,0.687223392972767,0.229774728491228,0.226186480455657,0.221612956320937,0.225695493004312,0.221710082860574
8,0.785398163397448,0.232424246360601,0.227979015028693,0.223524842589422,0.227143433593096,0.223259793884938
9,0.883572933822129,0.230787125461994,0.226048575641066,0.221937263542684,0.226065722419216,0.221729032419163
10,0.98174770424681,0.225251131182646,0.22055500110725,0.216425485136779,0.219631989495191,0.216021181549848
11,1.07992247467149,0.216248325600934,0.213003648294799,0.20786188302165,0.211796577046743,0.207598873298496
12,1.17809724509617,0.204605494680599,0.200457500047906,0.196101850637174,0.200912515588713,0.196277041618566
13,1.27627201552085,0.190136570678017,0.185004527528555,0.181276502780219,0.18496588139413,0.181225997249481
14,1.37444678594553,0.174372010204357,0.169012878975301,0.165523063269562,0.169138235469934,0.166023286326641
15,1.47262155637022,0.159012590468882,0.153971710210056,0.150677185055163,0.154177068142519,0.150935242649429
16,1.5707963267949,0.143289960438036,0.136902073366862,0.134401069564542,0.138039297741362,0.135085546483837
17,1.66897109721958,0.128403905123616,0.122916240314694,0.120677593186804,0.121962780771108,0.120122106910733
18,1.76714586764426,0.115235391755108,0.10936397787101,0.107129851598545,0.109941967838308,0.10786555152006
19,1.86532063806894,0.103408868749712,0.0981757939145688,0.0960869751300703,0.097375066681676,0.0957111848513084
20,1.96349540849362,0.0938663999552152,0.0883703234626181,0.0862695262357713,0.0887253138744003,0.0866963369910511
21,2.0616701789183,0.0865702532992128,0.0808584964400748,0.0792924488894854,0.0803415731490191,0.0790888945309
22,2.15984494934298,0.0817158904415944,0.0766714153550309,0.074614371340142,0.0765763553534854,0.0745801947143446
23,2.25801971976766,0.0788273028315387,0.0729463668011064,0.0716312857340936,0.072502982087946,0.0713346037575307
24,2.35619449019234,0.0778516644230959,0.071901078358262,0.0707290555985332,0.0711077408482728,0.0704704598860787
25,2.45436926061703,0.0782936609820709,0.0725773644026016,0.0713322578187783,0.0725732499728701,0.0713474352408143
26,2.55254403104171,0.0800875335644107,0.0745483841178972,0.0733391555861522,0.0750231385802101,0.073424437773771
27,2.65071880146639,0.0822997365537976,0.0773764177462425,0.0756841133252873,0.0778111018742256,0.0759941714728104
28,2.74889357189107,0.0841321005750652,0.0790923858525472,0.0773277655160123,0.079439714641595,0.0771232781080599
29,2.84706834231575,0.085133588019364,0.0804329784041801,0.0788868120937845,0.0801653423724939,0.0788524587492464
30,2.94524311274043,0.0847333299818973,0.0796137885639018,0.0780532375337735,0.0798237342678064,0.0781348001954486
31,3.04341788316511,0.0825350983122363,0.0777987028092052,0.0761219633161105,0.0776591851469676,0.076093296159871
32,3.14159265358979,0.0780512693753549,0.073164188452027,0.0716569260909439,0.073706801479795,0.0718980305382323
33,3.23976742401447,0.0703312471496424,0.0657471670664578,0.0642769566609932,0.0656069620348431,0.0643350595812656
34,3.33794219443916,0.058665948633912,0.0541157824215821,0.052922250400453,0.0545196504486312,0.0533570516421823
35,3.43611696486384,0.0439654856296086,0.0396233873116802,0.038603131812954,0.0395399486768207,0.0384952700569002
36,3.53429173528852,0.0256847814379784,0.0216351423767165,0.0210110449083333,0.0207539669795894,0.0207421357307746
37,3.6324665057132,0.00394681590252977,-0.000295500593285457,-0.000555314526066247,-0.000561295058460095,-0.000554407179796245
38,3.73064127613788,-0.021047475678981,-0.0252234255707324,-0.0248122847741458,-0.0247358897443349,-0.0244832445954603
39,3.82881604656256,-0.0497835776734566,-0.0541479058695629,-0.0526259043168717,-0.0545940138961719,-0.0529705556694035
40,3.92699081698724,-0.0795483954044758,-0.0832742366809704,-0.0820472236431617,-0.0834090017319444,-0.0823478413640169
41,4.02516558741192,-0.11177177523863,-0.11608472783589,-0.114687123414869,-0.116375580819272,-0.115104077740701
42,4.1233403578366,-0.142990779529074,-0.147463097185121,-0.14458776733552,-0.147711678153752,-0.144359361111795
43,4.22151512826128,-0.17531410445035,-0.179978401264765,-0.176799742130992,-0.17892505595024,-0.176657276037502
44,4.31968989868597,-0.205869510786178,-0.210390250773433,-0.206838597379516,-0.2100339037814,-0.206683281218013
45,4.41786466911065,-0.234401056415332,-0.238926686394511,-0.234412934312097,-0.23969135285164,-0.234422139443443
46,4.51603943953533,-0.260802448609144,-0.26568639518343,-0.260776716899009,-0.267954223986986,-0.261262551824741
47,4.61421420996001,-0.282262850151409,-0.287052878965522,-0.281231447199579,-0.287939912862337,-0.28085303304021
48,4.71238898038469,-0.298928802119393,-0.305462671824785,-0.297977668941519,-0.304543190972634,-0.297676307425912
49,4.81056375080937,-0.310442309746037,-0.31654860177192,-0.308614035974004,-0.316749147525528,-0.309360873060408
50,4.90873852123405,-0.316332926291406,-0.322224599874702,-0.314122425764316,-0.321562640537617,-0.313632945737872
51,5.00691329165873,-0.316562177378035,-0.322523771234575,-0.314589756165217,-0.321362157082454,-0.313675935967601
52,5.10508806208341,-0.310254659434933,-0.316686062199407,-0.308832661271096,-0.319476374438048,-0.31030637209599
53,5.20326283250809,-0.298101485495759,-0.30348812436931,-0.296754754651696,-0.303147272684951,-0.296116091293024
54,5.30143760293278,-0.280835319053602,-0.286581304874557,-0.280809742663974,-0.286253565166061,-0.280274508492908
55,5.39961237335746,-0.257632337500456,-0.263427753104579,-0.257787098153469,-0.263493970174335,-0.257601618357253
56,5.49778714378214,-0.229213712208644,-0.234306128517239,-0.2295435283605,-0.233020572523404,-0.229370171106018
57,5.59596191420682,-0.197751316831481,-0.204484844158312,-0.199918894406577,-0.20491316834274,-0.200278914080482
58,5.6941366846315,-0.161263216830106,-0.165768350732652,-0.163276269418974,-0.166161404498029,-0.163245632376466
59,5.79231145505618,-0.122499591109464,-0.12686057113271,-0.124846151143854,-0.12729814221208,-0.124860553292675
60,5.89048622548086,-0.082708616153086,-0.0872483601848724,-0.0860156876935422,-0.0879261981109843,-0.0866846710409661
61,5.98866099590554,-0.0415538058835246,-0.0451817660992331,-0.0455601862220538,-0.0457650945844982,-0.0457490284914388
62,6.08683576633022,-0.00125425510135423,-0.0061846379660594,-0.00569548387326369,-0.00695915119249748,-0.00579170058104736
63,6.18501053675491,0.0389374892311693,0.0341954959738933,0.0337771521094123,0.0344902156316206,0.0339130997114534
