node,phi_m_rad,signed_noise_floor_e_rad,absolute_noise_floor_e_rad,zero_noise_node_error_e_rad,noisy_node_error_e_rad
0,0,0.00012086748881103,0.00012086748881103,-0.00603030323345888,-0.00590943574464785
1,0.098174770424681,-5.85790270675735e-05,5.85790270675735e-05,-0.00645896964862887,-0.00651754867569644
2,0.196349540849362,-3.81191858851437e-05,3.81191858851437e-05,-0.00672143844997214,-0.00675955763585728
3,0.294524311274043,3.835198272506e-05,3.835198272506e-05,-0.00727949044952481,-0.00724113846679975
4,0.392699081698724,-0.000347662276795224,0.000347662276795224,-0.00838122485671416,-0.00872888713350939
5,0.490873852123405,7.10727384373722e-05,7.10727384373722e-05,-0.00765608934361087,-0.00758501660517349
6,0.589048622548086,0.000239669353077426,0.000239669353077426,-0.00883826455276998,-0.00859859519969255
7,0.687223392972767,9.71265396363941e-05,9.71265396363941e-05,-0.00816177217029063,-0.00806464563065423
8,0.785398163397448,-0.000265048704483878,0.000265048704483878,-0.00889940377117932,-0.00916445247566319
9,0.883572933822129,-0.000208231123521835,0.000208231123521835,-0.00884986191930961,-0.00905809304283145
10,0.98174770424681,-0.000404303586930221,0.000404303586930221,-0.00882564604586761,-0.00922994963279783
11,1.07992247467149,-0.000263009723153573,0.000263009723153573,-0.00838644257928431,-0.00864945230243788
12,1.17809724509617,0.00017519098139207,0.00017519098139207,-0.00850364404342582,-0.00832845306203375
13,1.27627201552085,-5.05055307377655e-05,5.05055307377655e-05,-0.00886006789779819,-0.00891057342853596
14,1.37444678594553,0.000500223057078947,0.000500223057078947,-0.00884894693479557,-0.00834872387771663
15,1.47262155637022,0.000258057594265143,0.000258057594265143,-0.008335405413719,-0.00807734781945385
16,1.5707963267949,0.000684476919295518,0.000684476919295518,-0.00888889087349371,-0.00820441395419819
17,1.66897109721958,-0.000555486276070591,0.000555486276070591,-0.00772631193681197,-0.00828179821288257
18,1.76714586764426,0.000735699921515093,0.000735699921515093,-0.00810554015656294,-0.00736984023504785
19,1.86532063806894,-0.000375790278761903,0.000375790278761903,-0.007321893619642,-0.0076976838984039
20,1.96349540849362,0.000426810755279866,0.000426810755279866,-0.00759687371944393,-0.00717006296416406
21,2.0616701789183,-0.000203554358585351,0.000203554358585351,-0.00727780440972747,-0.00748135876831282
22,2.15984494934298,-3.41766257973553e-05,3.41766257973553e-05,-0.00710151910145242,-0.00713569572724977
23,2.25801971976766,-0.000296681976562893,0.000296681976562893,-0.00719601709744508,-0.00749269907400797
24,2.35619449019234,-0.000258595712454429,0.000258595712454429,-0.0071226088245627,-0.00738120453701713
25,2.45436926061703,1.51774220359807e-05,1.51774220359807e-05,-0.00696140316329261,-0.00694622574125663
26,2.55254403104171,8.52821876188292e-05,8.52821876188292e-05,-0.00674837797825853,-0.0066630957906397
27,2.65071880146639,0.000310058147523107,0.000310058147523107,-0.00661562322851031,-0.0063055650809872
28,2.74889357189107,-0.000204487407952383,0.000204487407952383,-0.0068043350590529,-0.00700882246700528
29,2.84706834231575,-3.43533445380795e-05,3.43533445380795e-05,-0.00624677592557957,-0.00628112927011765
30,2.94524311274043,8.15626616751525e-05,8.15626616751525e-05,-0.00668009244812379,-0.00659852978644863
31,3.04341788316511,-2.86671562395452e-05,2.86671562395452e-05,-0.00641313499612575,-0.0064418021523653
32,3.14159265358979,0.000241104447288448,0.000241104447288448,-0.00639434328441101,-0.00615323883712256
33,3.23976742401447,5.81029202723488e-05,5.81029202723488e-05,-0.00605429048864911,-0.00599618756837676
34,3.33794219443916,0.000434801241729232,0.000434801241729232,-0.00574369823345895,-0.00530889699172972
35,3.43611696486384,-0.000107861756053748,0.000107861756053748,-0.00536235381665467,-0.00547021557270842
36,3.53429173528852,-0.000268909177558736,0.000268909177558736,-0.00467373652964508,-0.00494264570720381
37,3.6324665057132,9.07346270001791e-07,9.07346270001791e-07,-0.00450213042859602,-0.00450122308232601
38,3.73064127613788,0.000329040178685475,0.000329040178685475,-0.00376480909516479,-0.00343576891647931
39,3.82881604656256,-0.000344651352531727,0.000344651352531727,-0.00284232664341515,-0.00318697799594687
40,3.92699081698724,-0.000300617720855212,0.000300617720855212,-0.00249882823868586,-0.00279944595954107
41,4.02516558741192,-0.000416954325831692,0.000416954325831692,-0.00291534817623876,-0.00333230250207045
42,4.1233403578366,0.000228406223725358,0.000228406223725358,-0.00159698780644618,-0.00136858158272082
43,4.22151512826128,0.000142466093489835,0.000142466093489835,-0.00148563768064217,-0.00134317158715233
44,4.31968989868597,0.000155316161503438,0.000155316161503438,-0.000969086593337692,-0.000813770431834254
45,4.41786466911065,-9.20513134586298e-06,9.20513134586298e-06,-1.18778967648225e-05,-2.10830281106855e-05
46,4.51603943953533,-0.000485834925731898,0.000485834925731898,2.57317101349241e-05,-0.000460103215596974
47,4.61421420996001,0.000378414159368734,0.000378414159368734,0.00103140295182991,0.00140981711119864
48,4.71238898038469,0.000301361515606946,0.000301361515606946,0.000951133177874042,0.00125249469348099
49,4.81056375080937,-0.000746837086403218,0.000746837086403218,0.00182827377203271,0.00108143668562949
50,4.90873852123405,0.000489480026443723,0.000489480026443723,0.00221050052709038,0.0026999805535341
51,5.00691329165873,0.000913820197616433,0.000913820197616433,0.00197242121281832,0.00288624141043475
52,5.10508806208341,-0.00147371082489406,0.00147371082489406,0.00142199816383687,-5.17126610571905e-05
53,5.20326283250809,0.000638663358672076,0.000638663358672076,0.00134673084406212,0.00198539420273419
54,5.30143760293278,0.000535234171066767,0.000535234171066767,2.55763896278016e-05,0.000560810560694569
55,5.39961237335746,0.000185479796215693,0.000185479796215693,-0.000154760653013286,3.07191432024068e-05
56,5.49778714378214,0.000173357254481782,0.000173357254481782,-0.000329816151855455,-0.000156458897373674
57,5.59596191420682,-0.000360019673904477,0.000360019673904477,-0.00216757757509684,-0.00252759724900131
58,5.6941366846315,3.0637042508358e-05,3.0637042508358e-05,-0.00201305258886816,-0.00198241554635981
59,5.79231145505618,-1.44021488207857e-05,1.44021488207857e-05,-0.00234656003439057,-0.00236096218321136
60,5.89048622548086,-0.000668983347423907,0.000668983347423907,-0.00330707154045619,-0.0039760548878801
61,5.98866099590554,-0.000188842269384919,0.000188842269384919,-0.00400638033852926,-0.00419522260791418
62,6.08683576633022,-9.62167077836621e-05,9.62167077836621e-05,-0.00444122877190946,-0.00453744547969313
63,6.18501053675491,0.000135947602041074,0.000135947602041074,-0.00516033712175694,-0.00502438951971586
